{
	"variants": {
		"lycanitesmobs:textures/entity/abaia.png": "outlined_sprite:abaia_icon.png" ,
		"lycanitesmobs:textures/entity/abaia_ashen.png": "outlined_sprite:abaia_ashen_icon.png" ,
		"lycanitesmobs:textures/entity/abaia_violet.png": "outlined_sprite:abaia_violet_icon.png",
		"lycanitesmobs:textures/entity/abaia_mottled.png": "outlined_sprite:abaia_mottled_icon.png"													
	},
	
	 "modelConfigs": [
		{
		  "baseScale": 5.0,
		  "rotationY": 0,
		  "rotationX": 0,
		  "rotationZ": 0,
		  "offsetX": 0,
		  "offsetY": 0,
		  "modelPartsFields": [],
		  "modelMainPartFieldAliases": [],
		  "modelRootPath": [[]],
		  "renderingFullModel": false,
		  "modelPartsRotationReset": true,
		  "layersAllowed": true
		}
	]
}