{
	"variants": {
		"lycanitesmobs:textures/entity/aegis.png": "outlined_sprite:aegis_icon.png" ,
		"lycanitesmobs:textures/entity/aegis_dark.png": "outlined_sprite:aegis_dark_icon.png" ,
		"lycanitesmobs:textures/entity/aegis_russet.png": "outlined_sprite:aegis_russet_icon.png"
	},
	
	 "modelConfigs": [
		{
		  "baseScale": 1.0,
		  "rotationY": 0,
		  "rotationX": 0,
		  "rotationZ": 0,
		  "offsetX": 0,
		  "offsetY": 0,
		  "modelPartsFields": [],
		  "modelMainPartFieldAliases": [],
		  "modelRootPath": [[]],
		  "renderingFullModel": false,
		  "modelPartsRotationReset": true,
		  "layersAllowed": true
		}
	]
}