{
	"variants": {
		"lycanitesmobs:textures/entity/afrit.png": "outlined_sprite:afrit_icon.png" ,
		"lycanitesmobs:textures/entity/afrit_scarlet.png": "outlined_sprite:afrit_scarlet_icon.png" ,
		"lycanitesmobs:textures/entity/afrit_violet.png": "outlined_sprite:afrit_violet_icon.png"
	},
	
	 "modelConfigs": [
		{
		  "baseScale": 1.0,
		  "rotationY": 0,
		  "rotationX": 0,
		  "rotationZ": 0,
		  "offsetX": 0,
		  "offsetY": 0,
		  "modelPartsFields": [],
		  "modelMainPartFieldAliases": [],
		  "modelRootPath": [[]],
		  "renderingFullModel": false,
		  "modelPartsRotationReset": true,
		  "layersAllowed": true
		}
	]
}