{
	"variants": {
	"lycanitesmobs:textures/entity/archvile.png": "outlined_sprite:archvile_icon.png" ,
	"lycanitesmobs:textures/entity/archvile_ashen.png": "outlined_sprite:archvile_ashen_icon.png" ,
	"lycanitesmobs:textures/entity/archvile_scarlet.png": "outlined_sprite:archvile_scarlet_icon.png" ,
	"lycanitesmobs:textures/entity/archvile_royal.png": "outlined_sprite:archvile_royal_icon.png"
	},
	
	 "modelConfigs": [
		{
		  "baseScale": 1.0,
		  "rotationY": 0,
		  "rotationX": 0,
		  "rotationZ": 0,
		  "offsetX": 0,
		  "offsetY": 0,
		  "modelPartsFields": [],
		  "modelMainPartFieldAliases": [],
		  "modelRootPath": [[]],
		  "renderingFullModel": false,
		  "modelPartsRotationReset": true,
		  "layersAllowed": true
		}
	]
}