{
	"variants": {
	"lycanitesmobs:textures/entity/argus.png": "outlined_sprite:argus_icon.png" ,
	"lycanitesmobs:textures/entity/argus_dark.png": "outlined_sprite:argus_dark_icon.png" ,
	"lycanitesmobs:textures/entity/argus_scarlet.png": "outlined_sprite:argus_scarlet_icon.png"
	},
	
	 "modelConfigs": [
		{
		  "baseScale": 1.0,
		  "rotationY": 0,
		  "rotationX": 0,
		  "rotationZ": 0,
		  "offsetX": 0,
		  "offsetY": 0,
		  "modelPartsFields": [],
		  "modelMainPartFieldAliases": [],
		  "modelRootPath": [[]],
		  "renderingFullModel": false,
		  "modelPartsRotationReset": true,
		  "layersAllowed": true
		}
	]
}