{
	"variants": {
	"lycanitesmobs:textures/entity/arix.png": "outlined_sprite:arix_icon.png" ,
	"lycanitesmobs:textures/entity/arix_azure.png": "outlined_sprite:arix_azure_icon.png" ,
	"lycanitesmobs:textures/entity/arix_violet.png": "outlined_sprite:arix_violet_icon.png"
	},
	
	 "modelConfigs": [
		{
		  "baseScale": 1.0,
		  "rotationY": 0,
		  "rotationX": 0,
		  "rotationZ": 0,
		  "offsetX": 0,
		  "offsetY": 0,
		  "modelPartsFields": [],
		  "modelMainPartFieldAliases": [],
		  "modelRootPath": [[]],
		  "renderingFullModel": false,
		  "modelPartsRotationReset": true,
		  "layersAllowed": true
		}
	]
}