{
	"variants": {
	"lycanitesmobs:textures/entity/astaroth.png": "outlined_sprite:astaroth_icon.png" ,
	"lycanitesmobs:textures/entity/astaroth_golden.png": "outlined_sprite:astaroth_golden_icon.png" ,
	"lycanitesmobs:textures/entity/astaroth_scarlet.png": "outlined_sprite:astaroth_scarlet_icon.png" ,
	"lycanitesmobs:textures/entity/astaroth_violet_void.png": "outlined_sprite:astaroth_violet_void_icon.png" ,
	"lycanitesmobs:textures/entity/astaroth_keppel_void.png": "outlined_sprite:astaroth_keppel_void_icon.png"
	},
	
	 "modelConfigs": [
		{
		  "baseScale": 1.0,
		  "rotationY": 0,
		  "rotationX": 0,
		  "rotationZ": 0,
		  "offsetX": 0,
		  "offsetY": 0,
		  "modelPartsFields": [],
		  "modelMainPartFieldAliases": [],
		  "modelRootPath": [[]],
		  "renderingFullModel": false,
		  "modelPartsRotationReset": true,
		  "layersAllowed": true
		}
	]
}