{
	"variants": {
	"lycanitesmobs:textures/entity/beholder.png": "outlined_sprite:beholder_icon.png" ,
	"lycanitesmobs:textures/entity/beholder_azure.png": "outlined_sprite:beholder_azure_icon.png" ,
	"lycanitesmobs:textures/entity/beholder_verdant.png": "outlined_sprite:beholder_verdant_icon.png" 
	},
	
	 "modelConfigs": [
		{
		  "baseScale": 1.0,
		  "rotationY": 0,
		  "rotationX": 0,
		  "rotationZ": 0,
		  "offsetX": 0,
		  "offsetY": 0,
		  "modelPartsFields": [],
		  "modelMainPartFieldAliases": [],
		  "modelRootPath": [[]],
		  "renderingFullModel": false,
		  "modelPartsRotationReset": true,
		  "layersAllowed": true
		}
	]
}