{
	"variants": {
	"lycanitesmobs:textures/entity/bobeko.png": "outlined_sprite:bobeko_icon.png" ,
	"lycanitesmobs:textures/entity/bobeko_russet.png": "outlined_sprite:bobeko_russet_icon.png" ,
	"lycanitesmobs:textures/entity/bobeko_violet.png": "outlined_sprite:bobeko_violet_icon.png"
	},
	
	 "modelConfigs": [
		{
		  "baseScale": 1.0,
		  "rotationY": 0,
		  "rotationX": 0,
		  "rotationZ": 0,
		  "offsetX": 0,
		  "offsetY": 0,
		  "modelPartsFields": [],
		  "modelMainPartFieldAliases": [],
		  "modelRootPath": [[]],
		  "renderingFullModel": false,
		  "modelPartsRotationReset": true,
		  "layersAllowed": true
		}
	]
}