{
	"variants": {
	"lycanitesmobs:textures/entity/conba.png": "outlined_sprite:conba_icon.png" ,
	"lycanitesmobs:textures/entity/conba_dark.png": "outlined_sprite:conba_dark_icon.png" ,
	"lycanitesmobs:textures/entity/conba_violet.png": "outlined_sprite:conba_violet_icon.png" ,
	"lycanitesmobs:textures/entity/conba_infected.png": "outlined_sprite:conba_infected_icon.png" ,
	"lycanitesmobs:textures/entity/conba_infected_dark.png": "outlined_sprite:conba_infected_dark_icon.png" ,
	"lycanitesmobs:textures/entity/conba_infected_violet.png": "outlined_sprite:conba_infected_violet_icon.png"
	},
	
	 "modelConfigs": [
		{
		  "baseScale": 1.0,
		  "rotationY": 0,
		  "rotationX": 0,
		  "rotationZ": 0,
		  "offsetX": 0,
		  "offsetY": 0,
		  "modelPartsFields": [],
		  "modelMainPartFieldAliases": [],
		  "modelRootPath": [[]],
		  "renderingFullModel": false,
		  "modelPartsRotationReset": true,
		  "layersAllowed": true
		}
	]
}