{
	"variants": {
	"lycanitesmobs:textures/entity/concapedesegment.png": "normal_sprite:concapedesegment_icon.png" ,
	"lycanitesmobs:textures/entity/concapedesegment_azure.png": "normal_sprite:concapedesegment_azure_icon.png" ,
	"lycanitesmobs:textures/entity/concapedesegment_verdant.png": "normal_sprite:concapedesegment_verdant_icon.png"
	},
	
	 "modelConfigs": [
		{
		  "baseScale": 0.5,
		  "rotationY": 0,
		  "rotationX": 0,
		  "rotationZ": 0,
		  "offsetX": 0,
		  "offsetY": 0,
		  "modelPartsFields": [],
		  "modelMainPartFieldAliases": [],
		  "modelRootPath": [[]],
		  "renderingFullModel": false,
		  "modelPartsRotationReset": true,
		  "layersAllowed": true
		}
	]
}