{
	"variants": {
	"lycanitesmobs:textures/entity/darkling.png": "outlined_sprite:darkling_icon.png" ,
	"lycanitesmobs:textures/entity/darkling_azure.png": "outlined_sprite:darkling_azure_icon.png" ,
	"lycanitesmobs:textures/entity/darkling_russet.png": "outlined_sprite:darkling_russet_icon.png"
	},
	
	 "modelConfigs": [
		{
		  "baseScale": 1.0,
		  "rotationY": 0,
		  "rotationX": 0,
		  "rotationZ": 0,
		  "offsetX": 0,
		  "offsetY": 0,
		  "modelPartsFields": [],
		  "modelMainPartFieldAliases": [],
		  "modelRootPath": [[]],
		  "renderingFullModel": false,
		  "modelPartsRotationReset": true,
		  "layersAllowed": true
		}
	]
}