{
	"variants": {
	"lycanitesmobs:textures/entity/djinn.png": "outlined_sprite:djinn_icon.png" ,
	"lycanitesmobs:textures/entity/djinn_ashen.png": "outlined_sprite:djinn_ashen_icon.png" ,
	"lycanitesmobs:textures/entity/djinn_violet.png": "outlined_sprite:djinn_violet_icon.png" 
	},
	
	 "modelConfigs": [
		{
		  "baseScale": 1.0,
		  "rotationY": 0,
		  "rotationX": 0,
		  "rotationZ": 0,
		  "offsetX": 0,
		  "offsetY": 0,
		  "modelPartsFields": [],
		  "modelMainPartFieldAliases": [],
		  "modelRootPath": [[]],
		  "renderingFullModel": false,
		  "modelPartsRotationReset": true,
		  "layersAllowed": true
		}
	]
}