{
	"variants": {
	"lycanitesmobs:textures/entity/ent.png": "outlined_sprite:ent_icon.png" ,
	"lycanitesmobs:textures/entity/ent_russet.png": "outlined_sprite:ent_russet_icon.png" ,
	"lycanitesmobs:textures/entity/ent_scarlet.png": "outlined_sprite:ent_scarlet_icon.png" ,
	"lycanitesmobs:textures/entity/ent_saltytree.png": "outlined_sprite:ent_saltytree_icon.png" ,
	"lycanitesmobs:textures/entity/ent_twisted_tree.png": "outlined_sprite:ent_twisted_tree_icon.png"
	},
	
	 "modelConfigs": [
		{
		  "baseScale": 1.0,
		  "rotationY": 0,
		  "rotationX": 0,
		  "rotationZ": 0,
		  "offsetX": 0,
		  "offsetY": 0,
		  "modelPartsFields": [],
		  "modelMainPartFieldAliases": [],
		  "modelRootPath": [[]],
		  "renderingFullModel": false,
		  "modelPartsRotationReset": true,
		  "layersAllowed": true
		}
	]
}