{
	"variants": {
	"lycanitesmobs:textures/entity/epion.png": "outlined_sprite:epion_icon.png" ,
	"lycanitesmobs:textures/entity/epion_azure.png": "outlined_sprite:epion_azure_icon.png" ,
	"lycanitesmobs:textures/entity/epion_russet.png": "outlined_sprite:epion_russet_icon.png" ,
	"lycanitesmobs:textures/entity/epion_vampirebat.png": "outlined_sprite:epion_vampirebat_icon.png" ,
	"lycanitesmobs:textures/entity/epion_crimson.png": "outlined_sprite:epion_crimson_icon.png"
	},
	
	 "modelConfigs": [
		{
		  "baseScale": 1.0,
		  "rotationY": 0,
		  "rotationX": 0,
		  "rotationZ": 0,
		  "offsetX": 0,
		  "offsetY": 0,
		  "modelPartsFields": [],
		  "modelMainPartFieldAliases": [],
		  "modelRootPath": [[]],
		  "renderingFullModel": false,
		  "modelPartsRotationReset": true,
		  "layersAllowed": true
		}
	]
}