{
	"variants": {
	"lycanitesmobs:textures/entity/ettin.png": "outlined_sprite:ettin_icon.png" ,
	"lycanitesmobs:textures/entity/ettin_scarlet.png": "outlined_sprite:ettin_scarlet_icon.png" ,
	"lycanitesmobs:textures/entity/ettin_verdant.png": "outlined_sprite:ettin_verdant_icon.png"
	},
	
	 "modelConfigs": [
		{
		  "baseScale": 1.0,
		  "rotationY": 0,
		  "rotationX": 0,
		  "rotationZ": 0,
		  "offsetX": 0,
		  "offsetY": 0,
		  "modelPartsFields": [],
		  "modelMainPartFieldAliases": [],
		  "modelRootPath": [[]],
		  "renderingFullModel": false,
		  "modelPartsRotationReset": true,
		  "layersAllowed": true
		}
	]
}