{
	"variants": {
	"lycanitesmobs:textures/entity/frostweaver.png": "outlined_sprite:frostweaver_icon.png" ,
	"lycanitesmobs:textures/entity/frostweaver_azure.png": "outlined_sprite:frostweaver_azure_icon.png" ,
	"lycanitesmobs:textures/entity/frostweaver_lux.png": "outlined_sprite:frostweaver_lux_icon.png"
	},
	
	 "modelConfigs": [
		{
		  "baseScale": 1.0,
		  "rotationY": 0,
		  "rotationX": 0,
		  "rotationZ": 0,
		  "offsetX": 0,
		  "offsetY": 0,
		  "modelPartsFields": [],
		  "modelMainPartFieldAliases": [],
		  "modelRootPath": [[]],
		  "renderingFullModel": false,
		  "modelPartsRotationReset": true,
		  "layersAllowed": true
		}
	]
}