{
	"variants": {
	"lycanitesmobs:textures/entity/gorger.png": "outlined_sprite:gorger_icon.png" ,
	"lycanitesmobs:textures/entity/gorger_golden.png": "outlined_sprite:gorger_golden_icon.png" ,
	"lycanitesmobs:textures/entity/gorger_keppel.png": "outlined_sprite:gorger_keppel_icon.png"
	},
	
	 "modelConfigs": [
		{
		  "baseScale": 1.0,
		  "rotationY": 0,
		  "rotationX": 0,
		  "rotationZ": 0,
		  "offsetX": 0,
		  "offsetY": 0,
		  "modelPartsFields": [],
		  "modelMainPartFieldAliases": [],
		  "modelRootPath": [[]],
		  "renderingFullModel": false,
		  "modelPartsRotationReset": true,
		  "layersAllowed": true
		}
	]
}