{
	"variants": {
	"lycanitesmobs:textures/entity/gorgomite.png": "outlined_sprite:gorgomite_icon.png" ,
	"lycanitesmobs:textures/entity/gorgomite_dark.png": "outlined_sprite:gorgomite_dark_icon.png" ,
	"lycanitesmobs:textures/entity/gorgomite_keppel.png": "outlined_sprite:gorgomite_keppel_icon.png"
	},
	
	 "modelConfigs": [
		{
		  "baseScale": 1.0,
		  "rotationY": 0,
		  "rotationX": 0,
		  "rotationZ": 0,
		  "offsetX": 0,
		  "offsetY": 0,
		  "modelPartsFields": [],
		  "modelMainPartFieldAliases": [],
		  "modelRootPath": [[]],
		  "renderingFullModel": false,
		  "modelPartsRotationReset": true,
		  "layersAllowed": true
		}
	]
}