{
	"variants": {
	"lycanitesmobs:textures/entity/joust.png": "outlined_sprite:joust_icon.png" ,
	"lycanitesmobs:textures/entity/joust_lux.png": "outlined_sprite:joust_lux_icon.png" ,
	"lycanitesmobs:textures/entity/joust_russet.png": "outlined_sprite:joust_russet_icon.png"
	},
	
	 "modelConfigs": [
		{
		  "baseScale": 1.0,
		  "rotationY": 0,
		  "rotationX": 0,
		  "rotationZ": 0,
		  "offsetX": 0,
		  "offsetY": 0,
		  "modelPartsFields": [],
		  "modelMainPartFieldAliases": [],
		  "modelRootPath": [[]],
		  "renderingFullModel": false,
		  "modelPartsRotationReset": true,
		  "layersAllowed": true
		}
	]
}