{
	"variants": {
	"lycanitesmobs:textures/entity/lobber.png": "outlined_sprite:lobber_icon.png" ,
	"lycanitesmobs:textures/entity/lobber_azure.png": "outlined_sprite:lobber_azure_icon.png" ,
	"lycanitesmobs:textures/entity/lobber_scarlet.png": "outlined_sprite:lobber_scarlet_icon.png" ,
	"lycanitesmobs:textures/entity/lobber_umber.png": "outlined_sprite:lobber_umber_icon.png"
	},
	
	 "modelConfigs": [
		{
		  "baseScale": 1.0,
		  "rotationY": 0,
		  "rotationX": 0,
		  "rotationZ": 0,
		  "offsetX": 0,
		  "offsetY": 0,
		  "modelPartsFields": [],
		  "modelMainPartFieldAliases": [],
		  "modelRootPath": [[]],
		  "renderingFullModel": false,
		  "modelPartsRotationReset": true,
		  "layersAllowed": true
		}
	]
}