{
	"variants": {
        "lycanitesmobs:textures/entity/necrovore.png": "outlined_sprite:necrovore_icon.png" ,
        "lycanitesmobs:textures/entity/necrovore_russet.png": "outlined_sprite:necrovore_russet_icon.png" ,
        "lycanitesmobs:textures/entity/necrovore_ashen.png": "outlined_sprite:necrovore_ashen_icon.png"
	},
	
	 "modelConfigs": [
		{
		  "baseScale": 1.0,
		  "rotationY": 0,
		  "rotationX": 0,
		  "rotationZ": 0,
		  "offsetX": 0,
		  "offsetY": 0,
		  "modelPartsFields": [],
		  "modelMainPartFieldAliases": [],
		  "modelRootPath": [[]],
		  "renderingFullModel": false,
		  "modelPartsRotationReset": true,
		  "layersAllowed": true
		}
	]
}