{
	"variants": {
	"lycanitesmobs:textures/entity/shade.png": "outlined_sprite:shade_icon.png" ,
	"lycanitesmobs:textures/entity/shade_keppel.png": "outlined_sprite:shade_keppel_icon.png" ,
	"lycanitesmobs:textures/entity/shade_russet.png": "outlined_sprite:shade_russet_icon.png"
	},
	
	 "modelConfigs": [
		{
		  "baseScale": 1.0,
		  "rotationY": 0,
		  "rotationX": 0,
		  "rotationZ": 0,
		  "offsetX": 0,
		  "offsetY": 0,
		  "modelPartsFields": [],
		  "modelMainPartFieldAliases": [],
		  "modelRootPath": [[]],
		  "renderingFullModel": false,
		  "modelPartsRotationReset": true,
		  "layersAllowed": true
		}
	]
}