{
	"variants": {
	"lycanitesmobs:textures/entity/spectre.png": "outlined_sprite:spectre_icon.png" ,
	"lycanitesmobs:textures/entity/spectre_azure.png": "outlined_sprite:spectre_azure_icon.png" ,
	"lycanitesmobs:textures/entity/spectre_lux.png": "outlined_sprite:spectre_lux_icon.png"
	},
	
	 "modelConfigs": [
		{
		  "baseScale": 1.0,
		  "rotationY": 0,
		  "rotationX": 0,
		  "rotationZ": 0,
		  "offsetX": 0,
		  "offsetY": 0,
		  "modelPartsFields": [],
		  "modelMainPartFieldAliases": [],
		  "modelRootPath": [[]],
		  "renderingFullModel": false,
		  "modelPartsRotationReset": true,
		  "layersAllowed": true
		}
	]
}