{
	"variants": {
	"lycanitesmobs:textures/entity/strider.png": "outlined_sprite:strider_icon.png" ,
	"lycanitesmobs:textures/entity/strider_ashen.png": "outlined_sprite:strider_ashen_icon.png" ,
	"lycanitesmobs:textures/entity/strider_scarlet.png": "outlined_sprite:strider_scarlet_icon.png"
	},
	
	 "modelConfigs": [
		{
		  "baseScale": 1.0,
		  "rotationY": 0,
		  "rotationX": 0,
		  "rotationZ": 0,
		  "offsetX": 0,
		  "offsetY": 0,
		  "modelPartsFields": [],
		  "modelMainPartFieldAliases": [],
		  "modelRootPath": [[]],
		  "renderingFullModel": false,
		  "modelPartsRotationReset": true,
		  "layersAllowed": true
		}
	]
}