{
	"variants": {
    "lycanitesmobs:textures/entity/tpumpkyn.png": "outlined_sprite:tpumpkyn_icon.png" ,
    "lycanitesmobs:textures/entity/tpumpkyn_scarlet.png": "outlined_sprite:tpumpkyn_scarlet_icon.png" ,
    "lycanitesmobs:textures/entity/tpumpkyn_verdant.png": "outlined_sprite:tpumpkyn_verdant_icon.png"
	},
	
	 "modelConfigs": [
		{
		  "baseScale": 1.0,
		  "rotationY": 0,
		  "rotationX": 0,
		  "rotationZ": 0,
		  "offsetX": 0,
		  "offsetY": 0,
		  "modelPartsFields": [],
		  "modelMainPartFieldAliases": [],
		  "modelRootPath": [[]],
		  "renderingFullModel": false,
		  "modelPartsRotationReset": true,
		  "layersAllowed": true
		}
	]
}