{
	"variants": {
	"lycanitesmobs:textures/entity/troll.png": "outlined_sprite:troll_icon.png" ,
	"lycanitesmobs:textures/entity/troll_azure.png": "outlined_sprite:troll_azure_icon.png" ,
	"lycanitesmobs:textures/entity/troll_russet.png": "outlined_sprite:troll_russet_icon.png" ,
	"lycanitesmobs:textures/entity/troll.png": "outlined_sprite:troll_stone_icon.png" ,
	"lycanitesmobs:textures/entity/troll_azure.png": "outlined_sprite:troll_azure_stone_icon.png" ,
	"lycanitesmobs:textures/entity/troll_russet.png": "outlined_sprite:troll_russet_stone_icon.png"
	},
	
	 "modelConfigs": [
		{
		  "baseScale": 1.0,
		  "rotationY": 0,
		  "rotationX": 0,
		  "rotationZ": 0,
		  "offsetX": 0,
		  "offsetY": 0,
		  "modelPartsFields": [],
		  "modelMainPartFieldAliases": [],
		  "modelRootPath": [[]],
		  "renderingFullModel": false,
		  "modelPartsRotationReset": true,
		  "layersAllowed": true
		}
	]
}