{
	"variants": {
	"lycanitesmobs:textures/entity/wildkin.png": "outlined_sprite:wildkin_icon.png" ,
	"lycanitesmobs:textures/entity/wildkin_lux.png": "outlined_sprite:wildkin_lux_icon.png" ,
	"lycanitesmobs:textures/entity/wildkin_violet.png": "outlined_sprite:wildkin_violet_icon.png"
	},
	
	 "modelConfigs": [
		{
		  "baseScale": 1.0,
		  "rotationY": 0,
		  "rotationX": 0,
		  "rotationZ": 0,
		  "offsetX": 0,
		  "offsetY": 0,
		  "modelPartsFields": [],
		  "modelMainPartFieldAliases": [],
		  "modelRootPath": [[]],
		  "renderingFullModel": false,
		  "modelPartsRotationReset": true,
		  "layersAllowed": true
		}
	]
}