{
	"variants": {
	"lycanitesmobs:textures/entity/yeti.png": "outlined_sprite:yeti_icon.png" ,
	"lycanitesmobs:textures/entity/yeti_russet.png": "outlined_sprite:yeti_russet_icon.png" ,
	"lycanitesmobs:textures/entity/yeti_violet.png": "outlined_sprite:yeti_violet_icon.png"
	},
	
	 "modelConfigs": [
		{
		  "baseScale": 1.0,
		  "rotationY": 0,
		  "rotationX": 0,
		  "rotationZ": 0,
		  "offsetX": 0,
		  "offsetY": 0,
		  "modelPartsFields": [],
		  "modelMainPartFieldAliases": [],
		  "modelRootPath": [[]],
		  "renderingFullModel": false,
		  "modelPartsRotationReset": true,
		  "layersAllowed": true
		}
	]
}