{
	"variants": {
	"lycanitesmobs:textures/entity/zephyr.png": "outlined_sprite:zephyr_icon.png" ,
	"lycanitesmobs:textures/entity/zephyr_golden.png": "outlined_sprite:zephyr_golden_icon.png" ,
	"lycanitesmobs:textures/entity/zephyr_keppel.png": "outlined_sprite:zephyr_keppel_icon.png"
	},
	
	 "modelConfigs": [
		{
		  "baseScale": 1.0,
		  "rotationY": 0,
		  "rotationX": 0,
		  "rotationZ": 0,
		  "offsetX": 0,
		  "offsetY": 0,
		  "modelPartsFields": [],
		  "modelMainPartFieldAliases": [],
		  "modelRootPath": [[]],
		  "renderingFullModel": false,
		  "modelPartsRotationReset": true,
		  "layersAllowed": true
		}
	]
}